{"cameraMode":{"drawMode":0,"name":"Shaded","section":"Shading Mode"},"sceneLighting":false,"audioPlay":false,"sceneViewState":{"m_AlwaysRefresh":false,"showFog":true,"showSkybox":false,"showFlares":true,"showImageEffects":true,"showParticleSystems":true,"showVisualEffectGraphs":true,"m_FxEnabled":true},"in2DMode":false,"pivot":{"x":0.06918519735336304,"y":0.0483783483505249,"z":0.13836196064949037},"rotation":{"x":-0.27842769026756289,"y":0.6178964376449585,"z":-0.24844425916671754,"w":-0.6924949884414673},"size":0.6571352481842041,"orthographic":false}