{"cameraMode":{"drawMode":0,"name":"Shaded","section":"Shading Mode"},"sceneLighting":true,"audioPlay":false,"sceneViewState":{"m_AlwaysRefresh":false,"showFog":true,"showSkybox":true,"showFlares":true,"showImageEffects":true,"showParticleSystems":true,"showVisualEffectGraphs":true,"m_FxEnabled":true},"in2DMode":false,"pivot":{"x":1.145850658416748,"y":-0.11983895301818848,"z":-0.40427327156066897},"rotation":{"x":0.16398006677627564,"y":0.7815793752670288,"z":-0.230520561337471,"w":0.5559739470481873},"size":5.7860493659973148,"orthographic":false}