{"cameraMode":{"drawMode":0,"name":"Shaded","section":"Shading Mode"},"sceneLighting":true,"audioPlay":false,"sceneViewState":{"m_AlwaysRefresh":false,"showFog":true,"showSkybox":true,"showFlares":true,"showImageEffects":true,"showParticleSystems":true,"showVisualEffectGraphs":true,"m_FxEnabled":true},"in2DMode":false,"pivot":{"x":0.6035597324371338,"y":-0.15182876586914063,"z":-2.591463565826416},"rotation":{"x":0.061495356261730197,"y":0.8847075700759888,"z":-0.4490893483161926,"w":0.11226572096347809},"size":3.314142942428589,"orthographic":false}