{"cameraMode":{"drawMode":0,"name":"Shaded","section":"Shading Mode"},"sceneLighting":false,"audioPlay":false,"sceneViewState":{"m_AlwaysRefresh":false,"showFog":true,"showSkybox":false,"showFlares":true,"showImageEffects":true,"showParticleSystems":true,"showVisualEffectGraphs":true,"m_FxEnabled":true},"in2DMode":false,"pivot":{"x":0.12809693813323975,"y":0.45802801847457888,"z":0.5149153470993042},"rotation":{"x":-0.1674734205007553,"y":-0.6171209812164307,"z":0.13663414120674134,"w":-0.757003664970398},"size":0.5713527202606201,"orthographic":false}