{"cameraMode":{"drawMode":0,"name":"Shaded","section":"Shading Mode"},"sceneLighting":false,"audioPlay":false,"sceneViewState":{"m_AlwaysRefresh":false,"showFog":true,"showSkybox":false,"showFlares":true,"showImageEffects":true,"showParticleSystems":true,"showVisualEffectGraphs":true,"m_FxEnabled":true},"in2DMode":false,"pivot":{"x":-0.049070872366428378,"y":0.15791939198970796,"z":0.370668888092041},"rotation":{"x":0.19570867717266084,"y":-0.5046834349632263,"z":0.11858094483613968,"w":0.8328476548194885},"size":1.5910563468933106,"orthographic":false}